Timestamp,Plat Nomor,Confidence,Kamera,ColorSnap,GraySnap
2026-09-25 13:53:38,M 912,50.6%,CCTV Malioboro,storage\snapshots\crop_20260925_135338_286_M912.jpg,storage\snapshots_grayscale\crop_gray_20260925_135338_286_M912.jpg
2026-09-25 13:53:43,B 01 SSM,43.3%,CCTV Malioboro,storage\snapshots\crop_20260925_135343_566_B01SSM.jpg,storage\snapshots_grayscale\crop_gray_20260925_135343_566_B01SSM.jpg
2026-09-25 13:53:45,E 0,73.0%,CCTV Malioboro,storage\snapshots\crop_20260925_135345_830_E0.jpg,storage\snapshots_grayscale\crop_gray_20260925_135345_830_E0.jpg
2026-09-25 13:53:54,B 176 STZ,61.2%,CCTV Malioboro,storage\snapshots\crop_20260925_135354_894_B176STZ.jpg,storage\snapshots_grayscale\crop_gray_20260925_135354_894_B176STZ.jpg
2026-09-25 13:53:57,T 61 ZCA,76.8%,CCTV Malioboro,storage\snapshots\crop_20260925_135357_814_T61ZCA.jpg,storage\snapshots_grayscale\crop_gray_20260925_135357_814_T61ZCA.jpg
2026-09-25 13:54:02,B 0,43.5%,CCTV Malioboro,storage\snapshots\crop_20260925_135402_223_B0.jpg,storage\snapshots_grayscale\crop_gray_20260925_135402_223_B0.jpg
2026-09-25 13:54:28,T 767,35.9%,CCTV Malioboro,storage\snapshots\crop_20260925_135428_926_T767.jpg,storage\snapshots_grayscale\crop_gray_20260925_135428_926_T767.jpg
2026-09-25 13:54:42,L 8164 TQJ,53.2%,CCTV Malioboro,storage\snapshots\crop_20260925_135442_713_L8164TQJ.jpg,storage\snapshots_grayscale\crop_gray_20260925_135442_713_L8164TQJ.jpg
2026-09-25 13:54:46,M 8162 GFP,43.8%,CCTV Malioboro,storage\snapshots\crop_20260925_135446_534_M8162GFP.jpg,storage\snapshots_grayscale\crop_gray_20260925_135446_534_M8162GFP.jpg
2026-09-25 13:54:51,E 19 OOU,63.9%,CCTV Malioboro,storage\snapshots\crop_20260925_135451_469_E19OOU.jpg,storage\snapshots_grayscale\crop_gray_20260925_135451_469_E19OOU.jpg
2026-09-25 13:54:56,R 0,44.0%,CCTV Malioboro,storage\snapshots\crop_20260925_135456_274_R0.jpg,storage\snapshots_grayscale\crop_gray_20260925_135456_274_R0.jpg
2026-09-25 13:54:59,N 810 OSG,37.1%,CCTV Malioboro,storage\snapshots\crop_20260925_135459_354_N810OSG.jpg,storage\snapshots_grayscale\crop_gray_20260925_135459_354_N810OSG.jpg
2026-09-25 13:55:02,T 00,64.8%,CCTV Malioboro,storage\snapshots\crop_20260925_135502_227_T00.jpg,storage\snapshots_grayscale\crop_gray_20260925_135502_227_T00.jpg
2026-09-25 13:55:12,E 8037 BOG,45.6%,CCTV Malioboro,storage\snapshots\crop_20260925_135512_676_E8037BOG.jpg,storage\snapshots_grayscale\crop_gray_20260925_135512_676_E8037BOG.jpg
2026-09-25 13:55:17,A 70,37.2%,CCTV Malioboro,storage\snapshots\crop_20260925_135517_213_A70.jpg,storage\snapshots_grayscale\crop_gray_20260925_135517_213_A70.jpg
2026-09-25 13:55:20,A 8375 OIA,53.4%,CCTV Malioboro,storage\snapshots\crop_20260925_135520_408_A8375OIA.jpg,storage\snapshots_grayscale\crop_gray_20260925_135520_408_A8375OIA.jpg
2026-09-25 13:55:20,T 4,43.6%,CCTV Malioboro,storage\snapshots\crop_20260925_135520_968_T4.jpg,storage\snapshots_grayscale\crop_gray_20260925_135520_968_T4.jpg
2026-09-25 13:55:25,D 081 ITT,56.8%,CCTV Malioboro,storage\snapshots\crop_20260925_135525_725_D081ITT.jpg,storage\snapshots_grayscale\crop_gray_20260925_135525_725_D081ITT.jpg
2026-09-25 13:55:41,M 0,50.4%,CCTV Malioboro,storage\snapshots\crop_20260925_135541_537_M0.jpg,storage\snapshots_grayscale\crop_gray_20260925_135541_537_M0.jpg
2026-09-25 13:55:47,A 81 EOG,67.7%,CCTV Malioboro,storage\snapshots\crop_20260925_135547_237_A81EOG.jpg,storage\snapshots_grayscale\crop_gray_20260925_135547_237_A81EOG.jpg
2026-09-25 13:56:02,T 5,35.1%,CCTV Malioboro,storage\snapshots\crop_20260925_135602_266_T5.jpg,storage\snapshots_grayscale\crop_gray_20260925_135602_266_T5.jpg
2026-09-25 13:56:03,A 50,84.1%,CCTV Malioboro,storage\snapshots\crop_20260925_135603_937_A50.jpg,storage\snapshots_grayscale\crop_gray_20260925_135603_937_A50.jpg
2026-09-25 13:56:19,A 87 IEB,51.4%,CCTV Malioboro,storage\snapshots\crop_20260925_135619_669_A87IEB.jpg,storage\snapshots_grayscale\crop_gray_20260925_135619_669_A87IEB.jpg
2026-09-25 13:56:24,E 2087,35.9%,CCTV Malioboro,storage\snapshots\crop_20260925_135624_878_E2087.jpg,storage\snapshots_grayscale\crop_gray_20260925_135624_878_E2087.jpg
2026-09-25 13:56:28,E 2,96.6%,CCTV Malioboro,storage\snapshots\crop_20260925_135628_058_E2.jpg,storage\snapshots_grayscale\crop_gray_20260925_135628_058_E2.jpg
2026-09-25 13:56:35,B 42,47.7%,CCTV Malioboro,storage\snapshots\crop_20260925_135635_205_B42.jpg,storage\snapshots_grayscale\crop_gray_20260925_135635_205_B42.jpg
2026-09-25 13:56:37,Z 2080,51.7%,CCTV Malioboro,storage\snapshots\crop_20260925_135637_675_Z2080.jpg,storage\snapshots_grayscale\crop_gray_20260925_135637_675_Z2080.jpg
2026-09-25 13:56:42,B 322 GTI,65.6%,CCTV Malioboro,storage\snapshots\crop_20260925_135642_507_B322GTI.jpg,storage\snapshots_grayscale\crop_gray_20260925_135642_507_B322GTI.jpg
2026-09-25 13:56:55,D 9,51.6%,CCTV Malioboro,storage\snapshots\crop_20260925_135655_573_D9.jpg,storage\snapshots_grayscale\crop_gray_20260925_135655_573_D9.jpg
2026-09-25 13:57:12,F 8129 J,52.0%,CCTV Malioboro,storage\snapshots\crop_20260925_135712_142_F8129J.jpg,storage\snapshots_grayscale\crop_gray_20260925_135712_142_F8129J.jpg
2026-09-25 13:57:15,G 2411 RL,50.5%,CCTV Malioboro,storage\snapshots\crop_20260925_135715_281_G2411RL.jpg,storage\snapshots_grayscale\crop_gray_20260925_135715_281_G2411RL.jpg
2026-09-25 14:10:45,T 7,96.5%,Webcam Lokal,storage\snapshots\crop_20260925_141045_665_T7.jpg,storage\snapshots_grayscale\crop_gray_20260925_141045_665_T7.jpg
2026-09-25 14:10:55,E 7001 ZZZ,71.1%,Webcam Lokal,storage\snapshots\crop_20260925_141055_628_E7001ZZZ.jpg,storage\snapshots_grayscale\crop_gray_20260925_141055_628_E7001ZZZ.jpg
2026-09-25 14:11:25,T 0,70.8%,Webcam Lokal,storage\snapshots\crop_20260925_141125_177_T0.jpg,storage\snapshots_grayscale\crop_gray_20260925_141125_177_T0.jpg
2026-09-25 14:11:28,T 7,38.3%,Webcam Lokal,storage\snapshots\crop_20260925_141128_600_T7.jpg,storage\snapshots_grayscale\crop_gray_20260925_141128_600_T7.jpg
2026-09-25 14:18:19,B 1007 TTT,76.1%,Webcam Lokal,storage\snapshots\crop_20260925_141819_903_B1007TTT.jpg,storage\snapshots_grayscale\crop_gray_20260925_141819_903_B1007TTT.jpg
2026-09-25 14:18:40,B 1001 TTT,82.3%,Webcam Lokal,storage\snapshots\crop_20260925_141840_814_B1001TTT.jpg,storage\snapshots_grayscale\crop_gray_20260925_141840_814_B1001TTT.jpg
2026-09-25 14:18:47,B 1001,74.3%,Webcam Lokal,storage\snapshots\crop_20260925_141847_751_B1001.jpg,storage\snapshots_grayscale\crop_gray_20260925_141847_751_B1001.jpg
2026-09-25 14:18:50,B 1007,77.2%,Webcam Lokal,storage\snapshots\crop_20260925_141850_280_B1007.jpg,storage\snapshots_grayscale\crop_gray_20260925_141850_280_B1007.jpg
2026-09-25 14:18:51,B 1 M,55.7%,Webcam Lokal,storage\snapshots\crop_20260925_141851_242_B1M.jpg,storage\snapshots_grayscale\crop_gray_20260925_141851_242_B1M.jpg
2026-09-25 14:18:51,B 101,60.6%,Webcam Lokal,storage\snapshots\crop_20260925_141851_774_B101.jpg,storage\snapshots_grayscale\crop_gray_20260925_141851_774_B101.jpg
2026-09-25 14:18:53,R 7001 ZZZ,56.0%,Webcam Lokal,storage\snapshots\crop_20260925_141853_433_R7001ZZZ.jpg,storage\snapshots_grayscale\crop_gray_20260925_141853_433_R7001ZZZ.jpg
2026-09-25 14:18:55,R 1001 TTT,82.1%,Webcam Lokal,storage\snapshots\crop_20260925_141855_879_R1001TTT.jpg,storage\snapshots_grayscale\crop_gray_20260925_141855_879_R1001TTT.jpg
2026-09-25 14:24:09,L 11,77.4%,Webcam Lokal,storage\snapshots\crop_20260925_142409_631_L11.jpg,storage\snapshots_grayscale\crop_gray_20260925_142409_631_L11.jpg
2026-09-25 14:24:11,T 72,58.8%,Webcam Lokal,storage\snapshots\crop_20260925_142411_461_T72.jpg,storage\snapshots_grayscale\crop_gray_20260925_142411_461_T72.jpg
2026-09-25 14:24:19,T 0012 ZZB,90.9%,Webcam Lokal,storage\snapshots\crop_20260925_142419_545_T0012ZZB.jpg,storage\snapshots_grayscale\crop_gray_20260925_142419_545_T0012ZZB.jpg
