Timestamp,Plat Nomor,Confidence,Kamera,Snapshot
2026-09-24 13:32:39,E 4,29.5%,Malioboro Simpang Reksobayan,snapshots\20260924_133239_803_Reksobayan_E4.jpg
2026-09-24 13:32:39,G 3,25.7%,Malioboro Simpang Reksobayan,snapshots\20260924_133239_947_Reksobayan_G3.jpg
2026-09-24 13:32:40,G 1 E,36.9%,Malioboro Simpang Reksobayan,snapshots\20260924_133240_377_Reksobayan_G1E.jpg
2026-09-24 13:32:40,IASJJ,30.1%,Malioboro Simpang Reksobayan,snapshots\20260924_133240_826_Reksobayan_IASJJ.jpg
2026-09-24 13:32:41,G 5 Z,35.0%,Malioboro Simpang Reksobayan,snapshots\20260924_133241_705_Reksobayan_G5Z.jpg
2026-09-24 13:32:41,G 3 I,21.3%,Malioboro Simpang Reksobayan,snapshots\20260924_133241_966_Reksobayan_G3I.jpg
2026-09-24 13:32:42,G 2 I,15.8%,Malioboro Simpang Reksobayan,snapshots\20260924_133242_097_Reksobayan_G2I.jpg
2026-09-24 13:32:42,IASJJG0,19.1%,Malioboro Simpang Reksobayan,snapshots\20260924_133242_620_Reksobayan_IASJJG0.jpg
2026-09-24 13:32:43,IASJ C,23.3%,Malioboro Simpang Reksobayan,snapshots\20260924_133243_024_Reksobayan_IASJC.jpg
2026-09-24 13:32:43,IASJ UMC,21.5%,Malioboro Simpang Reksobayan,snapshots\20260924_133243_595_Reksobayan_IASJUMC.jpg
2026-09-24 13:32:43,I3SJJUMCW3,20.8%,Malioboro Simpang Reksobayan,snapshots\20260924_133243_950_Reksobayan_I3SJJUMCW3.jpg
2026-09-24 13:33:07,166NX,25.2%,Malioboro Simpang Reksobayan,snapshots\20260924_133307_769_Reksobayan_166NX.jpg
2026-09-24 13:33:08,G 7,44.7%,Malioboro Simpang Reksobayan,snapshots\20260924_133308_218_Reksobayan_G7.jpg
2026-09-24 13:33:08,G 1,64.1%,Malioboro Simpang Reksobayan,snapshots\20260924_133308_656_Reksobayan_G1.jpg
2026-09-24 13:33:08,S 1 GK,49.3%,Malioboro Simpang Reksobayan,snapshots\20260924_133308_816_Reksobayan_S1GK.jpg
2026-09-24 13:33:09,6FM1X,18.6%,Malioboro Simpang Reksobayan,snapshots\20260924_133309_018_Reksobayan_6FM1X.jpg
2026-09-24 13:33:09,A 5 OI,37.9%,Malioboro Simpang Reksobayan,snapshots\20260924_133309_212_Reksobayan_A5OI.jpg
2026-09-24 13:33:09,45JUJL,17.1%,Malioboro Simpang Reksobayan,snapshots\20260924_133309_588_Reksobayan_45JUJL.jpg
2026-09-24 13:33:18,T 1 GT,19.0%,Malioboro Simpang Reksobayan,snapshots\20260924_133318_960_Reksobayan_T1GT.jpg
2026-09-24 13:33:19,JA167,38.0%,Malioboro Simpang Reksobayan,snapshots\20260924_133319_661_Reksobayan_JA167.jpg
2026-09-24 13:33:19,B 1 AT,26.8%,Malioboro Simpang Reksobayan,snapshots\20260924_133319_837_Reksobayan_B1AT.jpg
2026-09-24 13:33:20,A 0 UIT,58.4%,Malioboro Simpang Reksobayan,snapshots\20260924_133320_051_Reksobayan_A0UIT.jpg
2026-09-24 13:33:20,G 41 GT9,33.7%,Malioboro Simpang Reksobayan,snapshots\20260924_133320_332_Reksobayan_G41GT9.jpg
2026-09-24 13:33:24,B 0,39.1%,Malioboro Simpang Reksobayan,snapshots\20260924_133324_638_Reksobayan_B0.jpg
2026-09-24 13:33:31,G 1 EA,48.0%,Malioboro Simpang Reksobayan,snapshots\20260924_133331_252_Reksobayan_G1EA.jpg
2026-09-24 13:33:31,06J544,40.0%,Malioboro Simpang Reksobayan,snapshots\20260924_133331_524_Reksobayan_06J544.jpg
2026-09-24 13:33:31,A 6 ISA,45.5%,Malioboro Simpang Reksobayan,snapshots\20260924_133331_656_Reksobayan_A6ISA.jpg
2026-09-24 13:33:31,UAJSLL,30.1%,Malioboro Simpang Reksobayan,snapshots\20260924_133331_806_Reksobayan_UAJSLL.jpg
2026-09-24 13:33:31,48JS4L,34.8%,Malioboro Simpang Reksobayan,snapshots\20260924_133331_958_Reksobayan_48JS4L.jpg
2026-09-24 13:33:32,JS4L,45.7%,Malioboro Simpang Reksobayan,snapshots\20260924_133332_083_Reksobayan_JS4L.jpg
2026-09-24 13:33:32,08IS4L,35.2%,Malioboro Simpang Reksobayan,snapshots\20260924_133332_215_Reksobayan_08IS4L.jpg
2026-09-24 13:33:41,G 1 ISG,19.6%,Malioboro Simpang Reksobayan,snapshots\20260924_133341_222_Reksobayan_G1ISG.jpg
2026-09-24 13:33:41,A 61 ISG,70.1%,Malioboro Simpang Reksobayan,snapshots\20260924_133341_388_Reksobayan_A61ISG.jpg
2026-09-24 13:33:41,1156,38.8%,Malioboro Simpang Reksobayan,snapshots\20260924_133341_522_Reksobayan_1156.jpg
2026-09-24 13:33:41,061156,58.1%,Malioboro Simpang Reksobayan,snapshots\20260924_133341_769_Reksobayan_061156.jpg
2026-09-24 13:33:41,G 111 ISG,83.1%,Malioboro Simpang Reksobayan,snapshots\20260924_133341_926_Reksobayan_G111ISG.jpg
2026-09-24 13:33:42,06IL4156,29.6%,Malioboro Simpang Reksobayan,snapshots\20260924_133342_207_Reksobayan_06IL4156.jpg
2026-09-24 13:33:42,06156,42.5%,Malioboro Simpang Reksobayan,snapshots\20260924_133342_347_Reksobayan_06156.jpg
2026-09-24 13:33:55,N 6,53.7%,Malioboro Simpang Reksobayan,snapshots\20260924_133355_377_Reksobayan_N6.jpg
2026-09-24 13:34:01,T 7,20.7%,Malioboro Simpang Reksobayan,snapshots\20260924_133401_272_Reksobayan_T7.jpg
2026-09-24 13:34:01,7JT66,16.6%,Malioboro Simpang Reksobayan,snapshots\20260924_133401_737_Reksobayan_7JT66.jpg
2026-09-24 13:34:02,T 96 OTE,46.2%,Malioboro Simpang Reksobayan,snapshots\20260924_133402_445_Reksobayan_T96OTE.jpg
2026-09-24 13:34:03,T 9 OTS,18.8%,Malioboro Simpang Reksobayan,snapshots\20260924_133403_163_Reksobayan_T9OTS.jpg
2026-09-24 13:34:03,T 075,16.3%,Malioboro Simpang Reksobayan,snapshots\20260924_133403_327_Reksobayan_T075.jpg
2026-09-24 13:34:03,T 0 CDS,31.4%,Malioboro Simpang Reksobayan,snapshots\20260924_133403_520_Reksobayan_T0CDS.jpg
2026-09-24 13:34:03,T 90 AOS,16.1%,Malioboro Simpang Reksobayan,snapshots\20260924_133403_710_Reksobayan_T90AOS.jpg
2026-09-24 13:34:03,T 00 AOS,22.4%,Malioboro Simpang Reksobayan,snapshots\20260924_133403_886_Reksobayan_T00AOS.jpg
2026-09-24 13:34:04,T 9 9C,22.8%,Malioboro Simpang Reksobayan,snapshots\20260924_133404_167_Reksobayan_T99C.jpg
